"Trait","n_seeds","r_pearson","r_rank_spearman","overlap_top50","overlap_top100","overlap_top200","overlap_top500"
"finngen_R12_ABDOM_HERNIA",2,0.995983730829102,0.999840702865037,98,100,98.5,96
"finngen_R12_L12_ATOPIC",3,0.80256119661651,0.995100376912561,74,83,93,83.8
"finngen_R12_T1D",5,0.981904028833243,0.999077195418641,60,88,95,96.4
"finngen_R12_AUTOIMMUNE_NONTHYROID",7,0.947779887907169,0.998205125488528,46,89,82.5,83.2
"finngen_R12_T2D_WIDE",9,0.965232511964617,0.997746551008111,54,60,81,79.2
"finngen_R12_AUTOIMMUNE",13,0.938838255944244,0.996307392839407,82,79,67,70.4
